taxi_id,mileage_utilization,time_utilization,empty_time
2,0.9033949152676278,0.8802619270346118,128
3,0.8852354645430927,0.9096385542168675,60
4,0.9448106392033149,0.8347938980850373,509
5,0.9259429308138335,0.8532675709001233,238
6,0.6226282653695413,0.6507197290431838,825
7,0.40560981949593405,0.6964705882352941,258
8,0.04747192174771858,0.0036403349108117948,2737
13,0.0,0.0,777
14,0.6817317819907255,0.684380504991192,1075
15,0.6277263249913506,0.46912832929782083,877
16,0.9538538003825767,0.8444722048719551,249
17,0.952045607763228,0.7980059084194978,547
19,0.9329178220479645,0.7986577181208053,600
21,0.8048246314173205,0.5041322314049587,60
26,0.7983562878090682,0.6979936642027456,858
28,0.9067371319789854,0.6545390321441187,978
30,0.8228084706111795,0.8414125200642054,494
31,0.7902900894122874,0.7753164556962026,568
32,0.8418752395019712,0.7717092337917485,581
35,0.7773771159326647,0.827688651218063,290
36,0.8525370968414211,0.8178861788617886,560
39,1.0,1.0,0
41,0.0,0.0,2174
42,0.8490788368526391,0.8151102768653214,394
44,0.9187157888796322,0.8697916666666666,350
46,0.0,0.0,2465
47,0.6345851695258448,0.6569565217391304,789
49,0.8744279912134314,0.819933308632827,486
50,0.8478272091482574,0.766522210184182,431
52,0.0,0.0,570
53,0.7267443963132653,0.6402366863905326,912
54,0.6137933042364044,0.6063929802569727,1256
57,0.9995079485024957,0.9953325554259043,8
58,0.44133417524742097,0.3340033500837521,1988
60,0.9643406808026547,0.9382624768946396,167
61,0.8669914342646112,0.9220945083014048,122
62,0.659119345997699,0.6355576294913673,781
65,0.7329140500307475,0.6878836833602585,966
67,0.8768166355202479,0.727547931382442,270
68,0.9010154969888551,0.8382303275920298,479
69,0.1766930188200756,0.8406440866185453,287
70,0.9212963929622077,0.8946752486834406,180
72,0.8673889798856547,0.7916149068322982,671
73,0.6647618633192828,0.723963133640553,599
74,0.7497505712024514,0.6815642458100558,627
75,0.6802330545296382,0.39987121699935607,932
76,0.799274538319961,0.5227502527805864,944
77,0.8845567912148499,0.573953823953824,1181
79,0.8526157536705117,0.8643425539977264,358
80,0.7656829183451271,0.5835745296671491,1151
81,0.484333703677674,0.4200119832234871,968
82,0.30959182760777176,0.5662235352043329,881
84,0.7505301944627022,0.6438356164383562,650
85,0.2153367810666663,0.44689119170984454,1708
88,0.8823751082194936,0.8927125506072875,159
90,0.8248269561255727,0.8032936870997255,430
92,0.9600301523895179,0.9431372549019608,116
93,0.8591318394842359,0.7861253196930946,669
94,0.0,0.0,1666
96,0.9747596019539828,0.9094775212636695,298
97,0.0,0.0,2221
98,0.9368520280777214,0.9339783722253842,116
99,0.7246143106118147,0.5745202123315639,1042
100,0.984928850550655,0.9584130019120459,87
103,0.7723456656278929,0.7976424361493124,412
104,0.9542193342438887,0.9523809523809523,79
105,0.8304806911470028,0.7693522906793049,438
106,0.08110210577355663,0.07154560349535773,1700
107,0.6701092297123904,0.5177111716621253,531
110,0.7851142471356589,0.7430555555555556,333
111,0.9551021078259028,0.9371838111298483,149
114,1.0,1.0,0
115,0.8792297992140753,0.9383640552995391,107
116,0.0,0.0,2027
119,0.0,0.0,3210
121,0.0,0.0,886
122,0.8330473027598659,0.8370044052863436,518
123,0.755915669277736,0.46534653465346537,1404
125,0.7724778777178954,0.618667485416027,1242
128,0.719403034265778,0.709064851307775,812
130,0.7837176451105758,0.7917789757412399,618
131,0.6308403260035964,0.542232722976964,1550
136,0.9658406628036451,0.9491077329808327,77
137,0.7844056000309653,0.8088986141502553,262
140,0.8804145498015892,0.8598589389757743,457
141,0.8008332103870817,0.7886615229788662,630
142,0.8799308447257395,0.6477272727272727,837
144,0.9936220426221565,0.976240984302079,56
145,0.8691795788606274,0.8531187122736419,219
147,0.28963775595438473,0.31265306122448977,1684
148,0.0,0.0,1390
149,0.9889328399494768,0.9581043956043956,61
150,0.7915315196960886,0.7049462365591398,686
151,0.41536649550323707,0.4191964285714286,1301
153,0.39560123732095415,0.42587894164552376,1584
155,0.5097751842775888,0.3782214156079855,1713
157,0.6039507192022321,0.6294820717131474,930
158,0.806624631204621,0.4899830220713073,1502
160,0.7961982732815535,0.7746432127447727,679
161,0.0,0.0,268
162,0.0,0.0,3505
164,0.8844457187192892,0.8141554494138081,428
165,1.0,1.0,0
166,0.9232254324986404,0.8194574368568756,386
167,0.8707360187695137,0.8634598147594861,457
169,0.5577016001423669,0.5399339933993399,1394
170,0.0,0.0,62
172,0.9324484927063406,0.9109225874867445,168
173,0.9241783425865894,0.9002169197396963,184
174,0.9096633354935423,0.8653705062362436,367
175,0.7666725941611402,0.784804753820034,507
176,0.8724385033557293,0.843426883308715,424
177,0.48134724641574134,0.4628362973096215,1178
178,0.9936797088389175,0.9716618635926993,59
179,0.9362568069463544,0.9090009891196835,276
180,0.8516722469666487,0.777157578359811,519
181,0.8385228929116908,0.8057742782152231,296
184,0.643233602054035,0.6586768935762224,712
185,1.0,1.0,0
186,0.2801645408652476,0.3932527693856999,1205
187,0.7225646082316256,0.624765478424015,600
188,0.0,0.0,500
189,1.0,1.0,0
190,0.8961743451691954,0.835103060587133,528
191,0.5625209624297307,0.5009082652134423,1099
192,0.916606458930882,0.8946808510638298,198
193,0.7800430645784747,0.7884057971014493,657
194,0.8794463243768839,0.7769063180827886,512
196,0.9182838376908512,0.8684807256235828,348
197,0.9679060278323625,0.9125560538116592,117
199,1.0,1.0,0
200,0.8276376806373852,0.8899159663865546,131
201,0.9381445926268475,0.9261904761904762,217
202,0.98505727710383,0.9352380952380952,102
204,0.932555960768047,0.9254327563249002,168
205,0.8285896093047143,0.7603781339909577,583
206,0.7655352418753394,0.6593591905564924,404
207,0.8103621368973497,0.7771971496437055,469
208,0.5213744987777468,0.5090016366612111,900
211,0.8274918732551126,0.7999233422767343,522
212,0.0,0.0,490
215,0.3439578793060896,0.18584521384928718,1599
217,0.9855821256559874,0.9650748396293657,49
218,0.9849654202089065,0.9734129137276181,49
221,0.3903298858011641,0.3001412429378531,991
222,0.7360826382440593,0.6153050672182007,744
225,0.8404134845707728,0.8089461713419257,504
227,0.8014368853949465,0.7650397275822929,621
228,0.0,0.0,129
229,0.8630748002847568,0.8018821198613175,400
230,0.9286008551358887,0.906801007556675,259
231,0.6251135784119843,0.538098050797401,1564
232,0.8208423241561804,0.9078404401650619,268
235,0.848860641430241,0.7826250470101542,578
236,0.8909815517767486,0.8694817658349329,340
237,0.8102592115618499,0.8043347381095726,650
238,0.8730728179918718,0.8075192802056556,599
239,0.884393903851482,0.794449527294907,674
241,0.6478507370158013,0.5408232118758435,1361
242,0.8127656070948227,0.7060931899641577,984
244,0.7896081923537843,0.7503566333808844,350
247,0.7155736128301334,0.66796875,170
248,0.8517749630613664,0.8370759675107501,341
249,1.0,1.0,0
250,0.9349564374351974,0.9447852760736196,45
251,0.7003827321387177,0.6587121212121212,901
252,0.7710044022522563,0.7050183598531212,482
253,0.7072550466683049,0.7090405264980949,840
254,0.6969772836673415,0.6590504451038576,1149
255,0.8117830865035829,0.8190894568690096,453
257,0.8127392599746108,0.8494208494208494,78
258,0.8591377259844987,0.5081784386617101,1323
259,0.8562818163762747,0.8838254172015404,181
260,0.915009889100033,0.8307365439093485,239
262,0.9495659233616338,0.9382510013351135,185
263,0.47114315973363946,0.5020080321285141,1116
265,0.256291831580871,0.15139701104613384,1306
266,0.9220721551934002,0.8873366381252816,250
268,0.7721861137777821,0.752725686873092,567
269,0.6296698472435607,0.43233743409490333,1938
271,0.5928166339077181,0.44765166340508805,1129
272,0.6907290858535192,0.7458333333333333,61
274,0.586946903138468,0.5960311835577604,1140
276,0.5654596652648813,0.44051767048282725,1124
278,0.945767871126154,0.896551724137931,264
279,0.9759292082350778,0.9641975308641976,58
280,0.5994263186817598,0.5908346972176759,250
283,0.6714260512147665,0.63498674744415,964
284,0.9634046267376306,0.9569171852561034,90
286,0.794393973383282,0.8045523520485585,644
287,0.6183662501926469,0.6169275929549902,783
288,0.0,0.0,410
289,0.8953583001320596,0.8643105080467024,430
290,0.9554578154723837,0.8128455976180349,440
291,0.7545345261167234,0.6861404599129894,505
293,0.8902510187904367,0.9133891213389121,207
296,0.7008973180137528,0.7432762836185819,315
297,0.5842422771855489,0.33927056827820185,1558
298,0.9036849286754765,0.8578274760383386,356
300,0.8321318709003319,0.8408113091579594,518
302,0.7330884096055117,0.649003984063745,881
303,0.7421014325573015,0.7111394829237153,905
304,0.7924744959016784,0.7671073094867807,599
305,0.8400314098627152,0.8030746705710102,538
306,0.9098947842365469,0.8451897018970189,457
307,0.6302774344103834,0.5603492552645095,856
308,0.9295978055847679,0.8625613565372602,308
310,0.8777882330443584,0.7813211845102506,192
311,0.5975729578416344,0.536509040333797,1333
312,0.5084305204137671,0.45989304812834225,1414
313,0.8458696452068778,0.7333904843549078,622
314,0.9288290030190745,0.9515985790408525,109
316,0.933485483239811,0.8802852776362711,235
319,0.6904033655692998,0.6698795180722892,685
320,0.21363751376875686,0.4718586387434555,807
321,0.7600923178290977,0.7222584856396866,851
322,0.8271761050386831,0.7653203342618384,674
324,0.5713663853769277,0.5105740181268882,324
325,0.9762846051309565,0.9617021276595744,72
327,0.925629151927844,0.9225680933852141,199
329,1.0,1.0,0
330,0.6841043336256614,0.7343949044585987,417
331,0.7127948471107733,0.6656333038086802,755
333,0.8242203365888819,0.7874251497005988,426
334,0.3280766836952267,0.22727272727272727,442
336,0.976983993309673,0.6311667971808927,942
337,0.4242474051502342,0.366507747318236,1063
338,0.5756648589846775,0.25244755244755246,2138
339,0.8263362609078613,0.5241801000555865,856
343,0.8135048817202268,0.7244979919678715,686
344,0.8394626284392819,0.8853529171766625,281
348,0.8081162078143325,0.7812137611132586,566
349,0.9895060186028894,0.9463196421309475,132
350,0.8704146322110677,0.7676923076923077,302
351,0.7705679765999747,0.6097256857855362,313
354,0.7940714211655658,0.7569916855631141,643
355,0.8877170847481365,0.7653194263363755,180
356,0.6623663969102932,0.616078753076292,936
358,0.8953243590619115,0.8030828516377649,511
361,0.9412565488972523,0.9508589692369157,123
362,0.8130660991027974,0.8004012036108324,597
363,0.915401677430758,0.9098053892215568,241
364,0.8147100268631927,0.7687182741116751,729
365,0.0,0.0,70
366,0.7964501275355221,0.7889478613799563,676
367,0.8826043098822393,0.7968253968253968,512
368,0.8550050580987119,0.7890481440646822,574
369,0.0,0.0,180
370,0.8883361524279982,0.946803546430238,114
371,1.0,1.0,0
372,0.7775350583552826,0.6627260083449235,970
373,0.0,0.0,31
374,0.8746439012612122,0.7382947264662395,531
375,0.0,0.0,1184
376,1.0,1.0,0
377,0.7695493075292512,0.7799547852298417,584
379,1.0,1.0,0
381,0.664119756600749,0.6351763169351328,838
382,0.7376105899291379,0.7402837754472548,421
383,0.7481715344462296,0.6354961832061069,764
384,0.9658916803327486,0.9443786982248521,188
386,0.8184360120569962,0.8164671744649982,506
387,0.5002667550862538,0.46922815368922133,1561
388,0.921637816477777,0.8707403055229143,220
389,0.9677425163184146,0.8399136335595312,519
392,0.7063183503717811,0.6955068696620869,820
394,0.6749760341288807,0.4118024374599102,917
396,0.8759975881172415,0.8522388059701492,396
397,0.8121772864636015,0.7487526728439059,705
398,1.0,1.0,0
399,0.7812517386522211,0.7143569292123629,573
400,0.8007952212356129,0.5188892476590249,1490
401,1.0,1.0,0
402,0.4868796205035863,0.3923232323232323,1504
404,0.9307009171375784,0.9023372287145242,117
406,0.7511999923952032,0.7380168313208928,716
407,0.9181045287706084,0.8544152744630071,427
408,0.857430231455446,0.7851746931067044,455
411,0.8472030433626561,0.8451864700780573,357
414,0.6516453662353985,0.6183286516853933,1087
415,0.6584927030385472,0.5411821705426356,947
416,0.7841910246698379,0.6405859235441229,1006
418,0.7536856105019272,0.5755217545100814,1200
423,0.9007876396622773,0.8791390728476821,365
425,0.922962594893869,0.8528505392912172,382
426,0.9405476784319764,0.8995284729778745,277
427,0.0,0.0,1656
428,0.8669047298080639,0.7630866425992779,525
429,0.6538919912157223,0.44542619542619544,1067
431,0.0,0.0,69
433,0.8847545243911287,0.8563934426229508,438
434,0.8753670265111153,0.8210655990144748,581
436,0.9931002296723894,0.9971246006389777,9
438,0.7716774759961892,0.6767357980162308,717
440,0.003746331946657443,0.035025017869907075,1350
443,0.4285201555015075,0.2211031175059952,1624
447,0.914185497885374,0.8746438746438746,308
448,0.7049919169834663,0.7219607843137255,709
451,1.0,1.0,0
452,0.664710232410681,0.501657824933687,1503
454,0.9231798096478055,0.8818745158791634,305
455,0.30963940771508064,0.35913705583756345,1515
459,0.7345135246641289,0.573960683209797,1322
460,0.7951451010891452,0.6915995397008056,268
461,0.0,0.0,1998
462,0.7490271204426758,0.7956140350877193,466
463,0.9618976874771633,0.8711453744493393,351
464,0.9340428733210975,0.8849162011173184,206
465,0.8653579379871423,0.8373729476153244,416
467,0.8733809600851548,0.7840512223515715,371
468,0.7118092106899774,0.7055380459252589,654
469,0.04311662990325555,0.03976801988400994,1159
471,0.9744850662301419,0.9751166407465007,48
472,0.7810428529421283,0.763787057698438,741
473,1.0,1.0,0
475,0.13209460764681286,0.077128448531593,3111
476,0.8073744184834806,0.6838602329450915,190
477,0.6721363055315587,0.6146304675716441,1022
478,1.0,1.0,0
479,0.0,0.0,1844
480,0.8677121429456643,0.8444590595198948,473
481,0.7681134915271354,0.5520581113801453,1295
482,0.0,0.0,55
483,0.4414263166054643,0.46465191581219645,992
484,0.9313227079244872,0.9237012987012987,141
485,0.8773832539679115,0.8639301874595993,421
489,0.0,0.0,3058
490,0.8891879300626881,0.824468085106383,264
491,0.8076936357979746,0.6923556942277691,986
492,0.8918683920711987,0.6001480932987783,1080
494,0.5690296348102355,0.5395555555555556,1036
496,0.6651156590824999,0.653023598820059,941
497,0.7981878540907376,0.768452380952381,389
499,0.8603164114435946,0.5807385952208545,1158
501,0.7301236689662602,0.740904454267256,762
502,0.6389313712775303,0.6644050104384134,643
503,0.0,0.0,1242
505,0.5510364875415449,0.2908366533864542,2136
506,0.5825161817316334,0.5305101700566855,1408
507,0.9668430828129564,0.9154094827586207,157
508,0.9932118361071708,0.9764350453172206,78
509,0.0,0.0,480
510,0.7469062469069585,0.6410351201478743,971
511,0.9833213589421846,0.924322136786726,187
512,0.6403191938843059,0.7370727432077125,600
515,0.8688539636894502,0.8068517424689899,327
516,0.9402524844460315,0.8660550458715597,438
517,0.0,0.0,1755
519,1.0,1.0,0
520,1.0,1.0,0
522,0.9976308034748026,0.9711815561959655,60
524,0.8924041907239892,0.7674779906784049,449
528,0.9026898907314892,0.8920392584514721,297
529,0.9036684161029502,0.6366598778004073,892
530,1.0,1.0,0
531,0.7518315670865139,0.7016070124178232,817
532,0.974092987243813,0.8286713286713286,392
534,0.8566058296829258,0.7237327962403491,823
535,0.6947419156678161,0.6788362806617227,563
536,0.7608102613037375,0.7910780669144981,281
537,0.6292553863329999,0.45514295103516267,1658
538,0.874557013000849,0.8808458723058153,293
539,1.0,1.0,0
541,0.7462734012761635,0.6826741996233522,1011
543,0.9717725352686686,0.9081537019681349,98
544,0.8458041176100646,0.7531219980787704,514
546,0.7551720313407337,0.619309262166405,485
547,0.8138233462488479,0.7347328244274809,139
548,0.7884120461561074,0.672552783109405,853
549,0.9609884269412196,0.958655462184874,123
550,0.8618836966514168,0.8373761530577383,476
551,0.6470898578665177,0.5597014925373134,118
554,0.49967617569040396,0.3691646191646192,2054
555,1.0,1.0,0
556,0.7286054417550769,0.6437064370643707,869
558,0.8215331641950182,0.32241671372106157,1200
560,0.7519538156912104,0.6838671411625148,533
562,0.6620523509045589,0.721160409556314,817
563,0.889334685364459,0.7989382879893829,606
564,0.9361407075646161,0.9248377177997951,220
565,0.8134311428739336,0.8956002982848621,280
566,0.9786390378179299,0.9337387964148528,207
567,0.950767168540216,0.838186509399189,439
568,0.9166881780433183,0.7770573566084789,447
569,0.9611168635039085,0.972972972972973,60
570,0.6966391174509692,0.7746031746031746,426
571,0.7773880353450842,0.6448534423994546,1042
572,0.969157950255394,0.6983516483516483,549
573,1.0,1.0,0
574,0.7790645727561477,0.6601796407185628,908
576,0.8785579476498753,0.7717086834733894,489
577,0.9184172878753676,0.9217704580545548,152
580,0.8392515578938746,0.8223989396951623,268
581,0.7986828813910608,0.3503909026297086,1828
583,0.5232312782223522,0.506268656716418,1654
586,0.9674718659936832,0.9671544715447155,101
587,0.9241156416110252,0.8161808447352766,309
589,0.4804390031628318,0.400328587075575,1095
590,0.9994276110932222,0.9584905660377359,11
593,0.8489369943718086,0.8111954459203036,398
595,0.7641389425804568,0.5057347670250896,1379
596,0.9514936780577581,0.9272369714847591,222
600,0.6609250194132427,0.7160493827160493,851
602,1.0,1.0,0
603,0.7356725027174276,0.7346657477601654,770
604,1.0,1.0,0
606,1.0,1.0,0
607,0.5886208037412576,0.6003401360544217,940
608,1.0,1.0,0
609,0.5350928606741714,0.5223713646532439,854
610,0.7726498815505248,0.6316031235645384,802
611,0.9842241392779546,0.9405185561769192,117
613,0.9507930391938606,0.9215686274509803,248
615,0.766199661595129,0.813441483198146,483
619,0.0,0.0,48
627,1.0,1.0,0
628,0.8394388896594152,0.8311485642946317,541
629,0.9536762093885586,0.8954593453009504,297
634,0.915685224294857,0.8857994041708044,345
636,0.6636006185702802,0.6439169139465876,840
637,0.9768375766488026,0.9419042495965573,108
639,0.8409182377692027,0.7750685766534593,738
640,0.9172799921326641,0.8686486486486487,243
641,0.7234986850694943,0.4461805555555556,1276
644,0.776033404421419,0.6920614596670934,962
645,0.9348847579466321,0.9060424966799469,283
646,0.5726024446264866,0.4036330049261084,1937
647,0.9865550350636217,0.9190835266821346,279
648,0.029645309763576915,0.04151404151404151,1570
649,0.25236053996509383,0.5768981181051266,652
650,0.9439037577777011,0.8837209302325582,325
651,0.9575634960708317,0.8998844820947247,260
652,0.890643994322843,0.8295894655305964,220
653,0.9714449363114644,0.9185423365487674,228
655,0.8491018726380165,0.720109760878087,714
656,0.672711104771605,0.49079754601226994,1245
658,0.9536602782950132,0.9666110183639399,60
659,0.770887638494412,0.7693597049949715,688
661,0.6747307620624322,0.7195442594215601,640
662,0.7437129354162263,0.31712062256809337,1404
663,0.806519260591006,0.8115838398283876,527
664,0.9978806543396952,0.9913793103448276,18
665,0.9208441334182098,0.7841365461847389,430
666,0.7114457577852231,0.6461538461538462,943
667,0.9616952080971884,0.9364566505115778,118
669,0.6495217562026122,0.672082717872969,444
672,0.7667568218583818,0.6279220779220779,1146
673,0.8243134676434897,0.7491891891891892,696
674,0.879083808957463,0.8239295718287315,440
675,1.0,1.0,0
677,0.6966516329128525,0.7176563114431773,718
679,0.9947522100201328,0.9664957264957265,98
680,0.8520921944361894,0.8648233486943164,352
684,1.0,1.0,0
685,0.0,0.0,370
686,0.9319549594254204,0.8788748564867968,211
687,0.6456087513933202,0.5783132530120482,1085
688,0.6704634524991051,0.5337837837837838,828
689,0.7058337478557606,0.5232347616173808,1580
691,0.7991627501081398,0.8372898120672602,329
692,0.5362859667094029,0.406518786781349,1311
694,0.8836719967744746,0.8147440794499619,485
695,1.0,1.0,0
698,0.805981843766231,0.7942966997757129,642
699,0.4363863259181216,0.225,2511
701,0.579661617185732,0.6094032549728752,648
704,0.6539854358550251,0.5792079207920792,935
705,0.6460955095553896,0.5716041794714198,1394
706,0.9578359976787933,0.5381988903115663,1082
707,0.6307249544818506,0.5674920127795527,1083
708,0.9631158711978264,0.3267389917038928,2110
709,1.0,1.0,0
711,0.8440605127943472,0.8148400272294077,544
713,0.9705706698015392,0.961057520543051,109
715,0.7281159469669299,0.6503352243424445,678
716,0.8221814160184894,0.8218322427126711,599
717,0.0025938543402689537,0.019580419580419582,2103
718,0.0,0.0,2142
719,0.9334556353328086,0.8931750741839762,252
720,0.7940292224601125,0.7712177121771218,558
721,0.7673151011240532,0.7785714285714286,310
723,0.8666930150731319,0.8733953076582559,286
725,0.7074068690010342,0.6699801192842942,996
729,0.9894843972132388,0.7295514511873351,615
730,0.27206510451870963,0.43824701195219123,1410
731,0.9148025565117508,0.8296428571428571,477
734,0.779135958886976,0.6603119584055459,588
739,0.8389408994483755,0.7948051948051948,632
741,0.7645721181900537,0.695910780669145,818
742,0.013899699021922913,0.018475750577367205,425
743,0.7160834516761605,0.6635115948887838,711
744,0.7389702723762324,0.7803958529688972,699
745,0.8909443928012883,0.5524680073126143,1224
747,0.905733476703619,0.8003584229390681,557
748,0.8906991932516082,0.8827818283791363,209
750,0.8365758880713194,0.864516129032258,357
751,0.9875471983362624,0.9606965174129353,79
752,0.951234239458471,0.9612244897959183,95
753,0.9313633378309216,0.9324528301886792,179
754,0.9128317458162608,0.8197945845004668,193
756,1.0,1.0,0
757,0.842936512988614,0.8104728409534975,485
759,0.9437836186757428,0.7860419397116645,653
761,0.0,0.0,1784
764,0.7904971678010795,0.5956439393939394,1281
765,0.9735973798979656,0.9381953028430161,100
767,0.0,0.0,2707
769,0.9742219366864069,0.7298652460043873,862
770,0.3974273223669596,0.25522813688212925,1567
772,1.0,1.0,0
773,0.7976998113711764,0.7073333333333334,878
777,0.8570749048149138,0.8273311897106109,537
779,0.7852606197043062,0.7163323782234957,693
780,0.9297956197424022,0.9264392324093816,69
782,0.43820185492304226,0.17337031900138697,2384
783,0.9756980972846933,0.9681818181818181,77
784,0.7931486864606772,0.4106203995793901,1121
785,0.9267395091358487,0.958893584325778,107
786,0.7608522162567204,0.5024590163934426,1214
787,0.830378525326289,0.8181818181818182,488
788,0.25388144699059595,0.14840989399293286,1687
791,0.6012206380699701,0.6273031825795645,445
795,0.9209111127737339,0.9136245110821382,265
797,0.9060351349283843,0.9071322436849926,125
799,0.7890391524314321,0.7812663526949242,418
800,0.7403011200269036,0.66729205753596,1064
801,0.9783748943467245,0.9746572496884088,61
802,0.6173621924283356,0.6047032474804032,706
804,0.9952395089580607,0.9961959106038992,8
805,0.7660190882504693,0.7966401414677277,460
806,0.6930442369904218,0.6041351487644983,785
807,0.7480388145859342,0.7125576036866359,499
808,1.0,1.0,0
809,0.8525232841201611,0.8539325842696629,247
810,0.8271512893662177,0.7091988130563798,294
811,0.7352801435676487,0.7132867132867133,697
812,0.2725667834711057,0.2770800627943485,1842
813,0.0,0.0,1828
814,0.8545972712061688,0.8425096030729834,369
815,0.967547647242117,0.8870122306348281,194
816,0.8688080122187313,0.8038060715903942,433
817,0.9854855486490677,0.9847839318320146,25
818,0.0,0.0,304
819,0.9805351436325741,0.9454489733374195,178
820,0.8928685765349483,0.873279098873592,405
821,0.9740462194285487,0.9538721963605586,109
822,0.9236540371119706,0.8878778030549236,345
823,0.8932273048622735,0.8745144905885868,420
826,0.9500082960466163,0.9327262044653349,229
827,0.7333109531011561,0.7384030418250951,688
828,0.9271292780038317,0.9270353302611367,190
829,0.9862952550681141,0.962816063460585,75
830,0.9069097181076166,0.8265947888589398,193
831,0.8404990380178607,0.8533083645443196,470
832,0.7358320361586799,0.8285385500575374,149
833,0.908988937624975,0.9083588957055214,239
834,0.620339645104992,0.2762996316004912,1768
835,0.9472385189712955,0.8905152224824356,187
836,0.651278636549323,0.6797432239657631,898
837,0.33361016503505553,0.44619565217391305,1019
838,0.6693430927782409,0.7427790788446527,659
839,0.6866490001146046,0.5843175853018373,1267
841,0.5338413341020195,0.4310747663551402,974
842,0.7037162422210685,0.6810922205048944,619
845,0.8782288244893988,0.6702222222222223,742
846,0.5989132453972318,0.43229766014576143,1480
849,0.791508553886233,0.7371428571428571,368
850,0.5641611129833952,0.5957716701902749,956
851,0.8765407374407047,0.8308383233532934,226
852,0.8727557519230735,0.9315463917525774,166
853,0.8138737778150188,0.8385695187165776,483
854,0.9044545110429865,0.7495559502664298,705
855,0.6401703235854074,0.3303769401330377,906
856,0.8342693440402116,0.8086342880863429,461
857,0.8967940176972585,0.9204466154919749,228
858,0.8297922537537457,0.7703549060542797,660
860,0.7574504633476377,0.8241610738255034,393
861,0.8483595013102594,0.787414066631412,402
862,0.9521254336240308,0.9475698430922311,137
863,0.5242112780763316,0.2028688524590164,389
864,0.6048448089902156,0.5997263085870681,1170
865,0.9073887492239572,0.7515337423312883,486
866,0.8846134686006504,0.8062650602409639,402
867,0.7042836356800742,0.6438305709023942,967
868,0.43456264346779644,0.23761609907120743,1970
870,0.6634775780691033,0.39403973509933776,915
872,0.9956483056311296,0.9924324324324324,21
873,0.9521633792027363,0.9475743348982786,134
874,0.9477502385796409,0.8463251670378619,69
875,0.9140817271754119,0.880672268907563,355
876,0.0,0.0,39
877,0.6306266854967915,0.6789838337182448,417
878,0.6884931778366671,0.6887005649717514,551
879,0.9197349261452517,0.9145620634067706,159
881,0.9129407509021159,0.895024077046549,327
882,0.9405833362224453,0.9023886759068122,331
884,0.9539164667846671,0.9087749782797567,210
885,0.9448994320444698,0.8536977491961415,455
886,0.8847110225034147,0.8507972665148064,393
887,0.7331430636181657,0.6384083044982699,1045
888,0.4619007236808361,0.4336249524534043,1489
889,0.9954166318227254,0.7990959316926167,400
890,0.6118209016150578,0.6406814661848219,696
891,0.7334543192533031,0.626514131897712,1110
892,0.0,0.0,3047
893,0.9534373959511394,0.8943850267379679,237
894,0.0,0.0,604
895,0.899772670598493,0.9004474272930649,267
896,0.7723222011156773,0.7998989388580091,396
900,0.7706597242569577,0.4534041525832931,1132
902,0.8987360023241967,0.8384690236782355,498
903,0.9710877145202823,0.9185567010309278,158
905,0.9977078662609135,0.9929992630803243,19
906,0.961202373355332,0.8946564885496183,138
907,0.0,0.0,1515
911,0.2970365231588025,0.2767475035663338,2028
912,1.0,1.0,0
913,0.5696570325357769,0.4697092084006462,1313
915,0.7874057524204146,0.7083159214375261,698
916,0.49729430142688635,0.35408022130013833,934
917,0.9868993007185565,0.9788930581613509,45
919,0.6489660070656643,0.5322091062394604,1387
920,0.7354800690035707,0.7350590026646364,696
921,0.8193384903077009,0.8083219645293315,562
924,0.9176997027721033,0.8951165371809101,189
925,0.4316205542663037,0.3444347063978966,2244
927,0.1996985474426087,0.1728538283062645,713
928,1.0,1.0,0
929,0.6516311790790594,0.3562662699888434,1731
930,0.6256261369405435,0.6850324101355333,1069
931,0.6764058374133911,0.6523620627479264,964
932,0.9953412513262881,0.971702418986764,62
933,0.0,0.0,2803
934,0.0,0.0,211
935,0.9670536711816314,0.9735733435465339,69
937,0.8940965789234345,0.8554829339143064,199
938,0.8246292202309066,0.7582811101163832,540
939,0.9436332968230169,0.8929219600725953,295
940,0.9406199320281898,0.965026674570243,118
941,0.5780817930723691,0.5077467906153165,1112
942,0.7424638067192122,0.4316588785046729,973
943,0.8863590592050649,0.8364126250962278,425
944,0.0,0.0,693
945,0.0,0.0,1023
946,0.843045174141882,0.7402920161540851,836
947,0.24289107867303547,0.14685067232837934,2411
949,0.9399327394339035,0.9074749316317229,203
950,0.2791410228963251,0.18651685393258427,1448
951,0.9378381147896364,0.9176187612748046,274
952,0.7820838946193295,0.7563671311869293,507
953,0.8210786635300462,0.7551390568319226,405
954,0.9902690818031422,0.9788888888888889,38
955,0.6686202807137894,0.42924528301886794,1331
956,1.0,1.0,0
957,0.8316211238798119,0.761249535143176,642
958,0.9914195645643709,0.9706867671691792,35
961,0.0,0.0,1291
964,0.837883207655358,0.8593433319821646,347
966,0.0,0.0,3304
967,0.7803879937390086,0.6083565459610027,703
968,0.7738009511151254,0.6332651670074982,538
969,0.9076261225632201,0.9255474452554745,153
970,0.898220512493903,0.6948738812042311,375
971,0.535111801340051,0.5367088607594936,1281
972,0.9734649294722274,0.9324955116696589,188
973,0.6840361674884767,0.7267648552564754,538
974,1.0,1.0,0
975,0.4057860771899551,0.4535123966942149,529
977,0.3772525901647086,0.1937888198757764,1947
978,0.8701082387255739,0.7945804195804196,235
979,0.9680483710278652,0.9753661784287616,37
981,0.933283994667411,0.900296987696224,235
982,0.553499809919276,0.5114916629112213,1084
983,0.9385663002170248,0.9199303742384682,92
984,0.7448970879440828,0.6770833333333334,899
985,0.9903753402625746,0.9312659846547314,215
986,0.7402357910471676,0.7115384615384616,600
987,0.9488233325722918,0.9611772072636193,62
988,0.9318747273657553,0.906747294716741,293
989,0.9841859649085507,0.9191290824261276,208
991,0.9388150784976045,0.875673249551167,277
993,0.8117566673259697,0.5855207451312447,979
994,0.0,0.0,59
995,0.8249905941489982,0.7388117283950617,677
997,0.7657262404057436,0.79462285287528,550
998,0.0,0.0,38
999,0.8724133967968637,0.8219975490196079,581
1000,0.7220791654259239,0.6936288088642659,553
1001,1.0,1.0,0
1002,0.8015845507913667,0.7071848169905106,648
1004,0.49431210334323267,0.3469096105752054,1828
1005,0.0,0.0,3442
1007,0.9701411107118625,0.9202872531418312,222
1008,0.7993765602673413,0.8396778916544656,438
1009,0.9206174776210085,0.9301428020069471,181
1010,1.0,1.0,0
1013,0.8322904187682789,0.8356700358656668,504
1017,0.7426478446356628,0.6676970633693973,1075
1018,0.894631373455383,0.7440182301557159,674
1020,1.0,1.0,0
1021,0.7646594871089738,0.7549642573471008,617
1024,0.8921266442082895,0.8549426934097422,405
1025,0.8909656150635695,0.9143631436314363,158
1026,0.7239321069211963,0.7446911196911197,529
1027,0.9310203981866748,0.9583333333333334,97
1028,0.9150230207916806,0.933527696793003,114
1030,0.3790354868834141,0.2936936936936937,1960
1032,0.889608643664992,0.8780364372469636,241
1034,0.961781830630613,0.9343493552168816,168
1035,0.7940229820285777,0.769620253164557,455
1036,0.9993000223582732,0.9884551951621771,21
1037,0.9956945336559598,0.9495686794956868,152
1038,1.0,1.0,0
1040,0.9397929607889585,0.917585983127839,254
1042,0.6365684885679374,0.3951815893563466,1682
1044,0.9726940248624232,0.9181905678537055,170
1045,0.8379832490955862,0.4418867924528302,1479
1046,0.9361682910178116,0.9123222748815166,296
1047,0.6302860906903834,0.5084253341080767,846
1048,0.9637195095412474,0.8495145631067961,186
1049,0.8623268884383932,0.6844166014095536,403
1050,0.43720979992581654,0.44144838212634824,1450
1051,0.9957264410272653,0.9664536741214057,63
1052,0.9292940736873637,0.9015235971757711,265
1054,0.8873684538598678,0.8710084033613446,307
1055,1.0,1.0,0
1057,0.6912300187301792,0.5716945996275605,690
1058,0.9162150392444484,0.8786999419616948,209
1059,0.16807302030370944,0.1315240083507307,1248
1060,0.9414208279228415,0.8992974238875878,258
1061,0.7460514562468841,0.5827677781056358,1414
1062,0.8042425081431267,0.8125950714937633,616
1064,0.5692868307465704,0.5116822429906542,209
1066,0.7485020681695091,0.6882632293080054,919
1068,0.9905239453063117,0.9859237536656892,48
1069,0.5540830643568744,0.6751008434176751,886
1070,0.8997751147706443,0.9192383453709784,246
1075,0.5070892113433679,0.47617246596066565,1385
1076,0.26666640790490515,0.15384615384615385,1749
1078,0.7179898925531909,0.5430894308943089,1405
1079,0.8631378556270057,0.7803560076287349,691
1081,0.09796110299121154,0.08832188420019627,929
1082,0.9801328502845104,0.9460448102423411,118
1083,0.7641557219744253,0.760934393638171,481
1084,0.910301013749313,0.9395134779750164,184
1085,0.7992972061800492,0.7610571736785329,443
1086,0.7872905139300741,0.8349678728440988,488
1087,0.890164494678318,0.8544698544698545,420
1088,1.0,1.0,0
1089,0.03087448378102819,0.306640625,355
1090,0.9782998198350492,0.985707479752263,30
1091,0.9840673305765696,0.9794019933554817,31
1092,0.9617367780471204,0.9639153878058897,87
1093,0.7231808129624806,0.6799807507218479,665
1094,1.0,1.0,0
1095,0.7411918845469943,0.812161599333611,451
1096,0.8803788850988313,0.8438928804702809,239
1098,0.8919344145529018,0.8610611510791367,309
1100,0.9951430013134734,0.9697875166002656,91
1101,0.7788496316399677,0.6907467532467533,381
1103,0.8670671604046911,0.9453125,28
1104,0.7782208218984044,0.763459335624284,413
1105,0.8227758300422673,0.7189103829451243,712
1106,0.8351374447259341,0.83,527
1107,0.6198750076139223,0.36990027198549413,695
1109,0.9325895414034631,0.9342105263157895,140
1110,0.5328689526100145,0.503621001810501,1645
1111,0.9297253829590423,0.9016282225237449,290
1112,0.6205138555159486,0.6823956442831216,525
1113,0.9349079130572023,0.9242345614945511,146
1114,0.0,0.0,912
1115,0.8345646322940484,0.46472564389697646,956
1116,0.9385923466371857,0.8953295793309043,316
1118,1.0,1.0,0
1120,0.9288791050553413,0.884871550903901,242
1121,0.9933791456958417,0.9900542495479204,33
1123,0.18937125873815763,0.18833256775378962,1767
1124,0.9064437457792978,0.8716182980816527,261
1125,0.9086294400769411,0.7714285714285715,504
1126,0.9162555755856182,0.901710835290171,293
1127,0.0,0.0,49
1128,0.5244456333797065,0.35695876288659795,998
1129,0.7704284102288423,0.7035225048923679,606
1130,0.5490315430094159,0.7520325203252033,61
1131,0.7699544100835536,0.7773009060562709,467
1132,0.5483533674668171,0.38451856513530525,1956
1135,0.9850874679144761,0.9165154264972777,138
1136,0.8719745459987951,0.837863167760075,519
1137,0.9556620797728662,0.9364388332607749,146
1142,1.0,1.0,0
1144,0.6486709030059897,0.3786407766990291,448
1146,0.9195166096613203,0.8541392904073587,333
1148,0.6204794931690946,0.7931034482758621,132
1150,0.8146041389105283,0.799625468164794,535
1152,0.9635861408500747,0.8830452372195661,318
1153,0.6876806506657102,0.9296346414073072,52
1154,0.7931890177226155,0.7636605952909817,532
1155,0.9119983768373423,0.9204545454545454,140
1157,0.7383036809335489,0.7269776876267748,673
1158,0.7963063199495543,0.5006628369421122,1130
1159,0.8517924773272251,0.8369195922989807,288
1161,0.8378766884887371,0.8577600531738119,428
1162,0.0,0.0,2012
1164,0.5473451010095562,0.4548481065334998,1310
1166,0.6598967011017322,0.7273212379935966,511
1167,0.9768106003384229,0.9909526343799894,17
1168,0.9321350685905884,0.7820602662929222,311
1172,0.902459720008099,0.8370337477797514,367
1174,0.8547156155187109,0.7446270543615676,808
1177,0.8319790162662776,0.7406168710516536,698
1178,0.0,0.0,105
1179,0.8582960051379598,0.9730941704035875,18
1180,0.8039311211090082,0.7961897915168943,567
1181,0.9742101655765565,0.9775549188156638,47
1185,0.8921365416287251,0.8922624877571009,110
1187,0.9476861656388285,0.8827433628318584,159
1189,0.9002404403253008,0.8722627737226277,420
1192,0.8559961805298281,0.8897312198483804,160
1193,0.9204569113859733,0.8510957670369258,496
1194,0.7738542700844966,0.3364019946298427,1730
1196,0.6829724892786095,0.6069038393800634,1116
1197,0.7804525551923991,0.8027330063069377,563
1201,0.8962475466115152,0.8624678663239075,107
1202,0.5654878369096641,0.48919449901768175,780
1203,0.6895020113036602,0.6923658352229781,407
1204,0.6761330730050401,0.6451612903225806,539
1205,0.6163345620939523,0.2025931928687196,984
1206,0.0,0.0,797
1207,0.7303704538263162,0.6644736842105263,612
1208,0.8248298344896214,0.3823178016726404,1551
1209,0.8440969299973193,0.8792650918635171,368
1210,0.9594259261332476,0.9395871281117183,199
1211,0.7259364500222335,0.4879269729093051,1739
1213,0.9174621175364791,0.9096361455417833,226
1215,0.9564468619419443,0.9517300299017514,113
1216,0.6948605467882683,0.6864493996569468,914
1217,1.0,1.0,0
1218,0.0,0.0,3015
1219,0.7758474581943364,0.7064297800338409,347
1220,0.0,0.0,2565
1221,1.0,1.0,0
1222,0.8332361721839299,0.6089030206677265,738
1223,0.9746012572695342,0.9399712437095614,167
1224,0.7695948365637679,0.7450514647664291,644
1225,0.7908537943637999,0.6487837387537487,1054
1226,0.9415407600135423,0.9175774134790529,181
1227,0.7163486693926285,0.6953995157384988,629
1228,0.6728992932677761,0.6366514245515301,1033
1229,0.8682271260434916,0.19395711500974658,827
1230,0.9677862743726853,0.9698173153296267,38
1231,0.9915539851857541,0.5824561403508772,1190
1233,0.9793935076269354,0.8693259972489684,380
1234,0.5724458714712697,0.13711819389110225,2599
1236,0.81215512594478,0.7327171903881701,723
1239,0.8214297171852916,0.7738744884038199,663
1240,0.9802168921646229,0.9640584050917259,96
1243,0.8203223759152437,0.6553652569031807,986
1245,0.41940311910182,0.6383763837638377,294
1246,0.9317903783085351,0.8940476190476191,178
1247,0.4672673720665488,0.22541535698248766,1725
1248,0.8771085514899596,0.9042303172737955,163
1249,0.9590317740624673,0.8276859504132231,417
1251,0.8425496916855845,0.7353388027955029,871
1252,0.9812973856933006,0.9575490588706448,106
1253,0.9116702533819784,0.9066852367688022,268
1254,0.8880091833032188,0.8773026315789474,373
1256,0.6790704275013194,0.7279843444227005,695
1257,0.0,0.0,1500
1258,0.0,0.0,81
1260,0.8859687169104077,0.9205776173285198,198
1261,0.7413725808184023,0.6393768644348691,1088
1263,0.21779263397912313,0.38431876606683807,479
1264,0.0,0.0,2193
1265,0.9022657303554633,0.9225422045680238,156
1267,0.6107359274539831,0.492867332382311,711
1269,0.6681230645681762,0.36186186186186187,1700
1270,0.5414029706579792,0.35220364741641336,1705
1272,0.6835526118635613,0.6236611489776047,773
1273,0.3087068136878169,0.24326145552560646,2246
1275,0.8824306215453208,0.9155074703760948,164
1276,0.8102265965200856,0.8037016264722378,350
1277,0.8429947852278743,0.8432944606413995,430
1278,0.9649001304876763,0.9146502419709635,194
1280,0.7624940301807794,0.7251732101616628,714
1281,0.931071299129282,0.9732758620689655,31
1282,0.813097515100976,0.5006986492780624,1072
1283,0.9285573765487717,0.9710610932475884,18
1285,0.7839865471348989,0.5664225941422594,829
1286,0.999226728730278,0.9934971098265896,18
1287,0.8225025226776097,0.890169247389269,305
1288,0.8655667823561288,0.8396414342629482,322
1289,0.0,0.0,58
1290,0.5785050562506494,0.6151843817787419,887
1291,0.703781879241677,0.670344827586207,478
1292,0.754951416668964,0.886317907444668,226
1293,0.8697414497344798,0.859472049689441,362
1294,0.5830209447721202,0.5035266457680251,1267
1297,0.9184547942001622,0.8169456066945606,350
1298,0.45088855692142676,0.5733916302311055,683
1300,0.9336850764850444,0.9478303266699171,107
1301,0.9478197898743058,0.9371351594072743,140
1302,0.9270478584927906,0.9262820512820513,115
1303,0.9515376080992428,0.9077102803738317,79
1304,0.9452543694425891,0.8162137263933671,399
1305,0.8877283400145553,0.8569136990696182,446
1307,0.973648854157627,0.9417549167927383,154
1308,0.8929120386731584,0.8078799249530957,512
1309,0.7424677380773891,0.6918045402077723,801
1313,0.6487926980487647,0.5341212352268395,1222
1314,0.8836648847060559,0.8376840696117804,485
1315,0.8666465019915476,0.8941935483870967,82
1316,0.9145079388212509,0.6955002184359983,697
1317,0.6738648275211171,0.46337188923939715,1531
1318,0.7513015452271544,0.7341977309562399,328
1319,0.8792157952441652,0.836403371838901,524
1321,0.9516130876609399,0.9233857477417197,229
1322,0.8874955344832844,0.8870967741935484,259
1323,0.8813662099543456,0.8900424728645587,233
1326,0.7120428543093505,0.7498887405429462,562
1328,0.7571511712287876,0.727886323268206,766
1329,0.8167228860260649,0.9449348465741908,131
1331,0.7300397955070571,0.6712990936555892,1088
1333,0.5788248300960745,0.5869918699186992,762
1334,0.9546019216343982,0.94049008168028,204
1335,0.7696026005620871,0.7050413844996237,392
1336,0.5829195317556284,0.48148148148148145,1106
1337,0.8870823223545962,0.827456864216054,460
1338,0.7488093644570515,0.7195257502778807,757
1339,0.6476835891961813,0.553508150248051,630
1340,0.7246625982276855,0.6571265025758443,599
1342,0.515535433944654,0.6296296296296297,660
1344,0.8867774862074139,0.8732446415373245,343
1345,1.0,1.0,0
1347,0.5498741685684214,0.556343019135365,626
1348,0.8415969707120725,0.8495632481397606,465
1349,0.6935558030858374,0.7085933749399904,607
1350,0.6929429818936202,0.9295039164490861,81
1351,0.9940491517036039,0.9877117236798406,37
1353,0.6944077200561625,0.8496350364963504,206
1355,0.8348446835427222,0.6249578414839798,1112
1356,0.8520387458652979,0.9083419155509783,89
1357,0.7087773186379281,0.7305699481865285,364
1359,0.7752832254457298,0.618824531516184,895
1360,0.8406901212348692,0.8214285714285714,150
1361,0.8874354810473265,0.8697152717860225,302
1362,0.9488251057809953,0.8784639746634996,307
1364,0.725860314244072,0.8854296388542964,92
1365,0.7683840614209491,0.6801523084245598,672
1367,1.0,1.0,0
1369,0.8959237849600714,0.21760299625468166,2089
1371,0.9565323615809834,0.9420012746972594,182
1372,0.9696023290418226,0.9295506473724295,185
1374,0.8713026114774599,0.6941694169416942,834
1375,0.8866602350168343,0.8502633559066968,199
1376,1.0,1.0,0
1377,0.7291296033872663,0.7557382665296334,713
1378,0.7821409872116776,0.8068987749838814,599
1380,0.7829736127135346,0.8993541442411195,187
1381,0.8951972313532214,0.8135665529010239,437
1382,0.9233202461472967,0.8876980428704566,241
1383,0.8087913682059544,0.7240932642487047,639
1384,0.821972523528488,0.7164674634794157,854
1385,0.5505161626570804,0.615609756097561,788
1387,0.9097524464350123,0.8031388604571819,577
1388,0.7311463148498875,0.6910692588092345,1017
1389,0.8520019045859165,0.8733228097868981,321
1390,0.7300474163695735,0.6927617272444858,989
1391,0.9425442990904217,0.9060860440713536,179
1392,0.9779827299150529,0.9966055668703326,10
1393,0.7607540883680234,0.5873873873873874,458
1394,0.6850160127793027,0.7280575539568346,378
1395,0.8604583839034815,0.8101430429128739,292
1396,0.2732897181839072,0.337370753323486,2243
1397,0.7559078560246701,0.6666666666666666,893
1398,0.8162962033662515,0.7059322033898305,347
1399,0.7779040335335581,0.6635051546391753,816
1400,0.6164436605040776,0.6419674225487065,1121
1402,0.9104518779324935,0.895852534562212,113
1404,0.9629963892512203,0.973939393939394,86
1406,0.606523891416877,0.23462929475587704,1693
1407,0.7776162985366741,0.725027243007628,757
1408,0.8773103683083187,0.8761329305135952,123
1409,0.7768438369581986,0.7559912854030502,224
1412,0.8125274512338356,0.7518840579710145,428
1413,0.0,0.0,173
1414,0.9052803305414343,0.9380022962112514,162
1416,0.8984339493962076,0.8292932741550018,500
1417,0.6012977456038775,0.6199064796259185,1138
1418,0.0,0.0,2202
1419,0.5992529493727082,0.595778364116095,766
1421,0.9987391502345703,0.9740646258503401,61
1422,1.0,1.0,0
1423,0.6687940448957567,0.627906976744186,1040
1424,0.7006681878606082,0.5138888888888888,945
1426,0.950364783468525,0.9548846675712347,133
1427,0.6839864857526402,0.7584215591915303,753
1428,0.81988167023818,0.7605200136845707,700
1429,0.9879574674444376,0.9456676136363636,153
1430,0.5872890359102474,0.3291718684977112,1612
1432,0.7426000053675055,0.7463744763132453,787
1433,0.7318265979739667,0.7371627502175805,302
1434,0.784882585660243,0.5905598243688255,746
1435,0.6059584548363043,0.43310463121783876,1322
1436,0.5019235525874154,0.5571161048689138,1419
1437,0.10791246094362657,0.2341160220994475,1109
1438,0.8398678116876428,0.8036767256330212,566
1439,1.0,1.0,0
1441,0.892773153405983,0.7728613569321534,462
1442,0.7793052499822706,0.7754898704749252,676
1443,0.5680195835421407,0.42121445042275174,1506
1444,0.7415374094423718,0.7347468628299437,613
1445,0.7503915416379902,0.6344426835710513,692
1446,0.8953734580706199,0.8031784841075794,483
1447,0.0,0.0,1083
1449,0.7495108600619305,0.5259792166266987,593
1451,0.9472288470041794,0.9292098677154094,198
1452,0.3779772841701172,0.36809815950920244,721
1454,0.5198990887053114,0.5772936740678676,1009
1455,0.9553674961812728,0.9280757097791799,114
1457,0.7421175410407435,0.6825396825396826,880
1458,0.909019321407823,0.8927066450567261,331
1459,0.8809820093307675,0.9188034188034188,114
1460,0.9885553732777289,0.9814449269640743,47
1461,0.9849536775535254,0.9841527834213735,39
1463,0.7370860972316318,0.6335877862595419,960
1464,0.8448902897370228,0.8001833180568286,218
1465,0.6782622197037809,0.6693069306930693,835
1466,0.7029355415299505,0.7006567576909782,866
1467,0.8560151929659593,0.5722070844686649,1256
1468,0.897045348754733,0.8555312954876274,397
1470,0.6993008747009796,0.6363314447592068,1027
1471,0.9480370970630004,0.9656946826758147,60
1472,0.9107178314755398,0.8891700404858299,219
1473,0.7814851234257438,0.6276265931794696,1081
1474,0.5887788711871996,0.371529308065227,1426
1475,0.6214110326360638,0.5457427536231884,1003
1476,0.8986151410210097,0.9298024379991593,167
1477,0.9189935511091315,0.8640467339352098,256
1478,0.7800254999308759,0.6177758318739054,873
1479,0.9368023405389685,0.9266125917342604,190
1480,0.9822247631965066,0.9014510278113664,163
1481,0.5007458903190217,0.6728452270620945,353
1482,0.8596736357632712,0.7612179487179487,596
1487,0.864152780828924,0.7643044619422572,449
1488,0.8219071925949699,0.82,387
1489,0.9451365080055628,0.9411444141689373,108
1490,0.9874958732497978,0.9565217391304348,62
1491,0.642128358905144,0.7850019944156362,539
1493,0.9640082036667402,0.9581774906494389,123
1494,0.8434261461907038,0.7848746081504702,549
1495,0.8296297633225729,0.7190831556503199,527
1496,0.7664245075329438,0.812206572769953,480
1497,0.8275439901572805,0.7929515418502202,282
1499,0.8191761139195938,0.8789722785665991,179
1501,0.9810779305946247,0.9687604971447766,93
1502,0.6751790576240143,0.7772100153295861,436
1503,0.6595423167186709,0.6319612590799032,760
1504,0.9041891661506125,0.9052914110429447,247
1505,0.0,0.0,374
1506,0.74385459670739,0.4375,1332
1508,0.6889062939158612,0.4581831290555155,1503
1509,0.2769240369390758,0.33879222108495394,646
1510,0.8884800106116988,0.7808612440191387,229
1511,0.7012968486519898,0.6738975817923186,917
1513,0.8288716274112812,0.6947154471544715,751
1514,0.9904707259418732,0.9741379310344828,39
1515,0.9737616545207942,0.91015625,299
1516,1.0,1.0,0
1517,0.9476611613823167,0.876308646762311,319
1518,0.6028782558441446,0.4571275455519829,1013
1520,1.0,1.0,0
1522,1.0,1.0,0
1523,0.902921010802434,0.8336594911937377,255
1524,0.8421622512791721,0.8708279150411791,298
1525,0.963120257996643,0.4313063063063063,1010
1527,0.9197695005037066,0.8698979591836735,255
1528,0.6989531186404482,0.4353970390309556,839
1529,0.855455187760706,0.8923742563547864,199
1530,0.7708136964943546,0.695993031358885,698
1534,0.734949861775157,0.7336384439359268,582
1535,0.8750264819780246,0.8362248438584317,472
1537,0.8558045188296022,0.832183908045977,292
1539,0.8647016727558696,0.91672218520986,125
1540,0.8994591665856219,0.8408057179987004,490
1542,0.5776418755472807,0.48211797491871805,1115
1543,0.9575375994607218,0.9692410565028419,92
1545,0.8951963014019264,0.8663199755276844,437
1546,0.9910936732208813,0.9508064516129032,61
1547,0.0,0.0,968
1548,0.6604375020859719,0.6756187467087941,616
1551,0.7819587784868312,0.7035993740219092,947
1552,0.7155843776090538,0.6055317747777412,1198
1553,0.0,0.0,31
1554,0.838161177180846,0.8522012578616353,235
1555,0.6068254467280082,0.42010684798445846,1194
1556,1.0,1.0,0
1557,0.6417560445793851,0.674585635359116,589
1558,0.8323367999450919,0.8671742808798646,157
1559,0.9479527471776957,0.9236469072164949,237
1560,0.8813182449266184,0.914572864321608,34
1561,0.6460085247058208,0.47274006331340135,1499
1563,0.3113150424813292,0.25732899022801303,684
1564,0.3989403124957582,0.48095545513234345,804
1565,0.8911830772977484,0.666970248937462,1097
1567,0.9909212596173853,0.9867724867724867,30
1568,0.8939643120430447,0.8523648648648648,437
1569,0.5286812209024194,0.850956696878147,148
1570,0.0,0.0,92
1571,0.7707938477496001,0.6881522406384285,508
1572,0.7101400095868932,0.7372262773722628,792
1573,0.855318114831373,0.6954109934442764,604
1574,0.7627057563692489,0.7270538669876617,907
1575,0.9241474048515848,0.8853647485274128,253
1578,0.7861463810242884,0.7938271604938272,501
1580,0.0,0.0,148
1582,0.5341542149928621,0.3778155546111347,1464
1584,0.0,0.0,2125
1588,0.7419387299552622,0.7545828656939768,656
1589,0.7267658199935505,0.7235483870967742,857
1591,1.0,1.0,0
1592,0.5680907497829293,0.43463579353593823,1172
1593,0.7073408682611472,0.6023244062657908,787
1594,0.0,0.0,1565
1595,0.8980994298330809,0.8665290677674579,388
1596,0.6409165985743113,0.6315961979678794,1124
1598,0.8019405022658433,0.814993954050786,306
1599,0.8109549213728575,0.7047619047619048,589
1601,0.8553045414489903,0.7687296416938111,568
1602,0.840443621211666,0.8575553416746872,148
1603,0.8834129063490004,0.8450704225352113,99
1604,1.0,1.0,0
1605,0.9105258497051308,0.940094137783483,140
1606,0.9828933763473396,0.9633977900552486,106
1607,0.8913473504535254,0.869996692027787,393
1608,0.9070789491462578,0.8843704066634003,236
1610,0.9084235141225476,0.782767433369843,595
1611,0.9048228171488775,0.8414434117003827,290
1612,0.7687076588800605,0.7775885558583107,653
1614,0.9678355877131806,0.9097914777878513,199
1615,0.9328870138531185,0.979947689625109,46
1616,0.9282193062271828,0.9152860268834011,271
1617,0.0,0.0,31
1618,0.7820178035889581,0.7677190721649485,721
1619,0.5445432244734322,0.3165652034604293,2133
1622,0.9938920534429018,0.9749888343010272,56
1623,0.9301443489609061,0.8627287853577371,330
1624,0.9517950556587288,0.9344894026974951,204
1625,0.7779996008177695,0.9776657060518732,31
1626,0.6419072507289596,0.5266393442622951,1617
1627,0.7728714774176328,0.7751566531514928,610
1629,0.4141900568955319,0.3,931
1630,0.8104979547652871,0.7258771929824561,750
1632,0.7253715815064554,0.7530973451327434,558
1634,0.7008834089675955,0.5758793969849246,1266
1635,1.0,1.0,0
1637,0.9214181136744379,0.930306905370844,218
1638,0.9902791441215669,0.947565543071161,154
1639,0.8757136715344832,0.80546875,249
1640,0.8366252375249527,0.8,619
1641,0.5178920094309164,0.47937203358890107,1426
1644,0.0,0.0,729
1645,0.8908206329947831,0.87396408839779,365
1646,0.6204787443690486,0.632481624081204,1050
1647,0.8170068895436204,0.866770347330223,257
1648,0.7892056291405991,0.778463913546893,574
1649,0.0,0.0,229
1651,0.9906223732898709,0.9438943894389439,153
1653,0.7572166788658696,0.6897358742895353,928
1654,0.9919878546001062,0.946551724137931,31
1655,1.0,1.0,0
1656,0.8640128729721787,0.9229975936748024,224
1658,0.6794724238943284,0.6095430107526881,581
1659,0.965957516326147,0.6412130069419072,982
1660,0.8633168515773446,0.8745562130177514,318
1661,0.823971706048972,0.8048530416951469,571
1662,0.8985830456076535,0.7420733879586747,724
1663,0.7896341017944433,0.5584621482362268,1114
1665,0.9638031750871999,0.9264613450659962,234
1667,0.9894070749783849,0.9787752261656228,61
1668,0.9759355170510607,0.9516447368421053,147
1669,0.5534240779428423,0.4498335710889206,1157
1672,0.9120541500800967,0.831207065750736,172
1673,0.872260204824454,0.8477202301903497,344
1674,1.0,1.0,0
1675,0.7119942273740688,0.5632867132867133,1249
1677,0.804803048675391,0.7466255302738141,657
1678,0.9281142774278491,0.8280623608017817,386
1679,0.9417606827063038,0.8572916666666667,137
1681,0.739694774959944,0.7276058631921825,669
1682,0.0,0.0,61
1683,0.8248868368387913,0.5972720746590093,561
1686,0.0,0.0,260
1687,0.5918422477894228,0.5033978044955567,950
1688,0.8589779892448162,0.7402355858648481,419
1689,0.7457175639783548,0.6461816538635337,783
1691,0.8101779532757559,0.7509903791737408,440
1692,0.7732786846552834,0.4476224526278155,1545
1693,1.0,1.0,0
1694,0.5376267871369813,0.46979298690325305,1255
1695,0.8691221068203242,0.868270332187858,345
1697,0.9819394266874774,0.994486560992419,8
1698,0.9238863866259959,0.8467603702434008,447
1699,0.902454433520038,0.8590554109334325,379
1700,0.7163460803573803,0.7481662591687042,721
1702,0.0,0.0,401
1704,0.9689912328415758,0.9443969204448246,130
1705,0.9626890583776777,0.9569053274516457,127
1706,0.6373161596524249,0.6359416445623343,549
1707,0.9668758020559284,0.9105719237435008,258
1708,0.9066691177545136,0.776732249786142,522
1709,0.9662446865237373,0.948339483394834,126
1710,0.0,0.0,606
1711,0.9805476676511665,0.9679582712369598,86
1712,0.08438457410098024,0.018656716417910446,1578
1714,0.8626670089167517,0.8045090477603085,659
1715,0.7428274893208484,0.6567656765676567,520
1717,0.7019634592424171,0.7075525269733106,515
1718,1.0,1.0,0
1719,0.0,0.0,1312
1720,0.0,0.0,337
1721,1.0,1.0,0
1722,0.8432927096464059,0.7673141891891891,551
1723,0.9514127585696178,0.9336633663366337,134
1724,1.0,1.0,0
1725,0.7518939989992912,0.7933333333333333,124
1726,0.7396918160165421,0.5628604382929643,379
1727,0.9880632501816579,0.9695331695331695,62
1728,0.33878613878660657,0.23370672097759673,1505
1729,1.0,1.0,0
1730,0.0,0.0,215
1731,0.8024840701138851,0.8301020408163265,333
1732,0.8593945348295576,0.6617275027105168,936
1734,0.699749484406515,0.7281695286810377,744
1736,1.0,1.0,0
1737,0.9371554358199925,0.9131393298059964,197
1738,0.8547849884373536,0.8575233022636485,214
1739,0.6817760100337954,0.6147186147186147,1068
1740,0.3924798422207887,0.6037894736842105,941
1742,0.6093479645043024,0.6878908470722002,549
1743,0.8239546566577358,0.8191780821917808,330
1744,0.9185936074788589,0.8436036036036036,434
1745,0.8740894776715054,0.9020066889632107,293
1748,0.9900569976541143,0.9781227946365562,31
1749,0.0,0.0,799
1750,0.8814400523613953,0.7960027567195038,296
1751,0.8982866489200144,0.9001663893510815,180
1753,0.917544237990963,0.8549511854951185,312
1756,0.9043734833745112,0.9303774276291682,190
1757,0.6702305122037753,0.5904628330995793,876
1759,0.930310077355133,0.9106232849862799,228
1760,0.6163144759661455,0.5586015097338101,1111
1762,0.8855279609470461,0.8402203856749312,406
1763,0.8398385095701346,0.8024875621890547,397
1764,0.8987629277950694,0.7868906455862977,647
1765,0.47859828676030186,0.28669558929862615,1973
1767,0.7150343674836077,0.810823754789272,395
1768,0.9439358804399687,0.8670924574209246,437
1769,0.730209879358524,0.7221613727637824,761
1772,0.8796741297147139,0.8739962940086473,204
1773,0.8364348747514232,0.8218677301429046,536
1774,0.8810750533865013,0.8678509532062392,305
1775,0.8998583598895314,0.8147455089820359,495
1776,0.6898009455579107,0.7261306532663316,545
1777,0.9779321560278418,0.9577889447236181,126
1778,0.0,0.0,1140
1779,0.834643366288559,0.8363496341933,425
1780,0.8444154843153555,0.8270937861829409,448
1781,0.555097469570307,0.5561224489795918,870
1782,0.7346366236063873,0.6379668049792531,698
1783,0.8497537807403637,0.8459079283887468,482
1784,0.8460035011484643,0.6906906906906907,309
1785,0.820857941609057,0.7595870206489675,652
1786,0.986926958964635,0.9785191956124314,47
1787,0.841171076620169,0.6755665942253959,1045
1788,0.6785354648233514,0.5118464052287581,1195
1790,0.9012493075571381,0.8701451549627305,331
1791,0.9636406527857521,0.9467969598262758,147
1792,0.9755970093988523,0.9331320103537533,155
1794,0.5005330043425535,0.43561643835616437,1236
1795,0.0,0.0,2464
1798,0.9278410453068379,0.8248259860788864,453
1802,0.6559720486996679,0.403214535290007,1708
1803,0.7498217191483237,0.7230142566191446,816
1804,0.8069178339412364,0.7264851485148515,884
1805,0.9718489114636574,0.9270341207349081,139
1806,0.6371726387592804,0.5818838201509682,1274
1807,0.5820055799338677,0.5478180129990715,1461
1809,0.7301934308541241,0.9448424068767909,77
1810,0.9805905618613252,0.936108422071636,66
1811,0.6137156497715629,0.6603313840155945,697
1812,0.9788967623887401,0.9655172413793104,110
1813,0.5209768120879685,0.41663000439947206,1326
1816,0.0,0.0,96
1820,0.9415547931873994,0.9181964573268921,254
1821,0.4217888574986473,0.4287228404875464,1078
1822,0.8184377493867876,0.8011601675797615,617
1823,0.7859855277722857,0.7465208747514911,510
1824,0.9644184985196784,0.9319852941176471,74
1826,0.6271994208252275,0.7342767295597484,507
1828,1.0,1.0,0
1829,0.8596811998537649,0.8143899895724713,356
1830,0.6325401204063582,0.4654525977504017,998
1832,0.6719899063317496,0.5296523517382413,230
1834,0.6509664332573999,0.6602564102564102,742
1835,0.6883968992924816,0.825347066726377,390
1837,0.52251492186416,0.22513990529487732,1800
1839,0.851472124896089,0.8141705557912601,438
1840,0.8753867790641773,0.808641975308642,62
1841,0.5731976528383607,0.6496746203904555,646
1842,0.9245460568314006,0.8918918918918919,276
1843,0.5856999034751098,0.568731563421829,731
1844,0.6137299469138777,0.6286186931348222,449
1846,0.9627983308768875,0.9602621876280213,97
1848,0.864456190520576,0.8504519309778144,364
1849,0.7029523397522347,0.5287539936102237,590
1850,0.7478269747862569,0.741834451901566,577
1851,0.7703802654360244,0.6644252321485751,1048
1852,0.9058873415326008,0.8894817073170732,290
1853,0.8377940335242352,0.5885515496521189,1301
1854,0.8510533989833721,0.8227696004806249,590
1855,0.9777127734775034,0.9478468899521532,109
1856,0.8516977975508948,0.6785714285714286,1062
1857,0.8544533619047069,0.7938877043354655,290
1858,0.8610321894075165,0.8386229155459924,300
1859,0.7629403486688888,0.7862632084534101,445
1860,0.9927253172798025,0.9908581539368918,31
1862,0.7388806353811942,0.7377408056042032,599
1863,0.9669597013200297,0.9568281938325991,98
1865,0.9859577081738641,0.9719887955182073,60
1867,0.7852399415160558,0.79491643454039,589
1868,0.7227543664586504,0.7330866807610994,505
1870,0.7507314808864325,0.6862745098039216,160
1871,0.14600370761120157,0.25,1080
1873,0.7914827993857732,0.9344484629294756,145
1874,0.981632618127463,0.9671578947368421,78
1875,0.6560370399494263,0.593974175035868,566
1876,0.789333604063114,0.7839528892160471,587
1877,0.24465452053070544,0.1400675929402929,2290
1879,0.8162516642242303,0.739737621667372,615
1880,0.6242295662215268,0.43843498273878023,1464
1881,0.8814627768754656,0.8821534548537516,278
1882,0.873679172562441,0.8046676813800101,385
1883,0.5645998442015926,0.49308265342319973,1429
1884,0.9808774708916431,0.8971291866028708,258
1885,0.9928477695976968,0.9891500904159132,30
1886,0.9179601729765704,0.8702511268512556,403
1887,1.0,1.0,0
1888,1.0,1.0,0
1890,0.4892865284668051,0.4761663286004057,1033
1891,0.6711959447659593,0.562047569803516,847
1893,0.9402371860744834,0.9229323308270677,164
1894,0.7604826445905776,0.7224964739069112,787
1895,0.7088371942114777,0.7319378798109386,794
1896,0.7265657498261598,0.6974248927038627,705
1898,0.8926400882981564,0.975829383886256,51
1899,0.8104798792908636,0.7332906939558682,834
1900,0.9890659276851316,0.9753656658968437,64
1902,0.9452614897987872,0.9228998849252014,201
1903,0.9875029295179589,0.9699757869249395,62
1904,0.8999220704081334,0.9090909090909091,239
1906,0.9589677207924969,0.9373278236914601,91
1907,0.9674730354618998,0.9410675717371182,191
1909,0.6569267231878613,0.6371625863151287,578
1910,0.754811468825457,0.7466101694915255,598
1911,0.9816224522805163,0.920554272517321,172
1912,0.7947238944571745,0.846441947565543,164
1913,0.2931746323404514,0.028829353523587654,3335
1914,0.7260171764773949,0.7239263803680982,810
1915,0.5996404368089528,0.4570527974783294,1378
1916,0.88854381219004,0.8099808061420346,594
1917,0.9456328844590633,0.28858080992338564,1950
1919,0.9133624369405833,0.8055893074119077,640
1920,0.727566710065032,0.6432830585759383,1017
1922,0.9988136518919106,0.9857471264367816,31
1924,0.9016245360630958,0.8102162565249813,509
1925,0.9391504562194497,0.943442054129077,163
1926,0.9575610957187616,0.904320987654321,93
1927,0.7628621454550587,0.7158826269212856,610
1928,0.907608868693997,0.9078624078624079,75
1929,0.8268513817836505,0.9323590814196242,162
1931,0.915050551060509,0.8311235170969993,484
1933,0.8787588594395607,0.7338543809132044,647
1934,0.7443836890742863,0.6608391608391608,679
1935,0.5378255767511476,0.41826055575604476,1612
1936,0.8745709979497538,0.837879369957741,422
1939,0.7013666796657022,0.6992805755395683,836
1940,0.0,0.0,472
1941,0.8849745962269283,0.8846291651737729,322
1942,0.6292105265798459,0.7599186164801628,236
1944,0.7665634384818873,0.7199574618929457,790
1945,0.893035472525486,0.7908633696563285,499
1946,0.6259613097519011,0.6144427001569859,1228
1948,1.0,1.0,0
1949,0.6396242730074652,0.41597633136094675,987
1950,0.9483751631163154,0.9823562891291975,31
1951,0.7828455878569753,0.7657466383581033,662
1952,0.0,0.0,62
1953,0.9354076656196773,0.8581338883107874,409
1954,0.9660118994447128,0.9371182177506289,175
1955,0.7523182848981579,0.7755620014503263,619
1956,1.0,1.0,0
1958,0.8877576956894866,0.86110183639399,416
1959,1.0,1.0,0
1960,1.0,1.0,0
1962,0.8609274060960675,0.9675431388660641,79
1963,0.8755480713119239,0.8208469055374593,220
1964,0.6703323311404467,0.6209769026883756,1001
1965,0.8510390678018229,0.8495206335973322,361
1966,0.6499912955838617,0.47128129602356406,1077
1969,0.888671743368972,0.8245997088791849,482
1971,0.5360438693897243,0.4101338432122371,1234
1972,0.9816848582032326,0.9571175950486295,97
1974,0.9099218941466599,0.5520684736091298,942
1975,0.976202544391555,0.8487822609960014,416
1977,0.606202195588249,0.5402777777777777,662
1978,0.8134619732371164,0.1327665140614781,1326
1979,0.39122058688608585,0.36893203883495146,650
1980,0.9052874192667583,0.8234839706450366,457
1981,0.9084842456989363,0.8580204778156997,208
1982,0.7755502731164396,0.6937111801242236,789
1983,0.5766645133024039,0.35168961201501875,1554
1984,0.6660062725422943,0.500232450023245,1075
1985,0.9064749122029027,0.9758415841584158,61
1986,0.3322659515594019,0.4920494699646643,575
1987,0.7798757006611396,0.7301484828921885,418
1988,0.9530390567178899,0.9129909365558913,288
1989,0.5459142876069136,0.5858520900321543,1288
1992,0.9273609890068877,0.9287410926365796,60
1993,0.7865290741063998,0.8107435076485237,532
1994,0.7754576563567133,0.37987886944818305,1843
1995,0.8133660030451174,0.8343118069145466,254
1996,0.18515253916253205,0.3465450719045949,1863
1998,0.9269924585779498,0.914820592823713,273
1999,0.5288376002678907,0.52,960
2000,0.9407393570063077,0.9374321880650994,173
